Game_Title,Consoles,ESRB_Rating,Content_Descriptors,Interactive_Elements,Content_Summary
Asphalt Legends Unite,PlayStation 5,E,"Mild Lyrics,Mild Violence",Users Interact (PlayStation 5)In-Game Purchases (Includes Random Items) (PlayStation 5),"This is an arcade-style racing game in which players race through various cities. Players drive cars through streets while drifting corners, performing jumps, and collecting nitro boosts. As players race through urban courses, they can collide with objects and other vehicles; crashes are embellished by slow-motion effects, explosions, and flying debris. During some racing events, players are encouraged to damage other cars or force racers to crash out. The word “hell” is heard in some song lyrics."
Cat Quest III,"PlayStation 5, Nintendo Switch",E10+,"Comic Mischief,Fantasy Violence",No Interactive Elements,"This is an action role-playing game in which players assume the role of a cat pirate exploring islands for treasure. Players traverse pirate-themed environments, interact with characters, and engage in combat with enemies (e.g., pi-rats, pirate ships). On land, players use cartoony swords, axes, pistols, and magic to defeat enemies in melee-style combat; at sea, players use cannons to shoot at enemy ships in ranged combat. Combat is accompanied by impact sounds, screen-shaking effects, and dwindling health bars. During the course of the game, players can attack parrots, causing them to drop brown poo coils."
GUNDAM BREAKER 4,"Windows PC, PlayStation 4, PlayStation 5, Nintendo Switch",T,Fantasy Violence,"Users Interact (PC,PlayStation 4,Switch,PlayStation 5)In-Game Purchases (Includes Random Items) (PC,PlayStation 4,Switch,PlayStation 5)","This is an action third-person shooter in which players assume the role of high-school students battling large, mechanized robots (Gunpla) in a virtual reality arena. Players complete missions, hunt bounties, and battle other students'' Gunpla in melee-style combat. Players use beam sabers, bazookas, rifles, and energy lasers to defeat enemies in frenetic battles. Combat is highlighted by colorful light effects, realistic gunfire, and large explosions. Boss battles depict more protracted combat against stronger enemies."
Taiko no Tatsujin: Rhythm Festival,Windows PC,E,No Descriptors,In-Game Purchases (PC),"This is a rhythm game in which players match on-screen prompts to play drums or engage in drum-themed mini-games. Players earn points by accurately matching cues as on-screen characters perform activities (e.g., playing drums, inflating balloons)."
Dungeons of Hinterberg,Windows PC,E10+,"Alcohol Reference,Animated Blood,Fantasy Violence,Language",No Interactive Elements,"This is an adventure role-playing game in which players assume the role of a lawyer exploring dungeons in an alpine village. Players explore the village, interact with characters, solve puzzles, and slay fantastical creatures. Players use swords and magic spells to attack enemies (e.g., tar-like monsters) in melee-style combat. Battles can be frenetic at times, accompanied by impact sounds and light effects. Enemies generally burst into a liquid-like effect when defeated. The text in the game occasionally references alcohol (e.g., “roaring songs of drunk adventures”; “Monsterblood Schnaps”; ""craft beer shop“; ""massive hangover”). The word ""p*ssed"" appears in the game."
Predator: Hunting Grounds,"PlayStation 5, Xbox Series",M,"Blood and Gore,Drug Reference,Intense Violence,Partial Nudity,Strong Language","Users Interact (Xbox Series,PlayStation 5)In-Game Purchases (Xbox Series,PlayStation 5)","This is a first-/third-person shooter in which players engage in combat missions as either a mercenary soldier or an alien Predator. Most missions involve infiltrating areas (e.g., camps, jungle outposts, villages) in order to obtain intel or destroy targets. Players use pistols, machine guns, chain guns, and explosives to kill enemies in frenetic firefights. Combat is highlighted by frequent gunfire, screams of pain, and blood-splatter effects. Some explosive weapons cause bodies to burst into chunks of flesh/limbs. The Predator can use blades and laser weapons to decapitate enemies. As the Predator, players can also perform execution-style finishing moves on soldiers; the victims'' skulls and spines get ripped from their bodies. Some scenes depict skinned corpses with exposed buttocks. One mission prompts players to locate packages of drugs in a compound and to eventually burn them. The words “f**k” and “sh*t” appear in the dialogue."
STAR WARS Jedi: Survivor™,"PlayStation 4, Xbox One",T,"Mild Language,Violence",No Interactive Elements,"This is an action-adventure game in which players assume the role of an outlaw Jedi on the run from the galactic Empire. From a third-person perspective, players explore alien planets while using their Jedi powers to traverse environments and battle enemies in melee-style combat. Players use lightsabers to slash and break apart alien creatures, droids, and humanoid enemies. Combat is fast paced, with cries of pain, impact sounds, and large explosions. Some sequences depict characters getting impaled through the chest. The words “a*s” and “bastard” are heard in the game."
Goat Simulator 3,Nintendo Switch,T,"Crude Humor,Language,Violence",No Interactive Elements,"This is a simulation game in which players control a goat whose goal is to cause as much destruction as possible in an open-world environment. Players earn points by using the goat''s abilities (e.g., ramming, jumping, running) to destroy objects and complete challenges. Several stunts involve violence: electrocuting pedestrians; shooting fireballs at bystanders; detonating bombs; pushing humans off cliffs. Damage to humans is depicted by ragdoll effects, running and screaming, and getting set on fire. The game contains instances of crude humor (e.g., piles of manure; green clouds and flatulence sounds; characters vomiting objects and green liquids). The word “sh*t” appears in the dialogue."
Donkey Kong Country Returns HD,Nintendo Switch,E,Mild Fantasy Violence,No Interactive Elements,"This is a side-scrolling platformer in which players control Donkey Kong and Diddy Kong as they attempt to stop the evil Tiki. Players traverse whimsical platforms, using jumping moves and barrel attacks to defeat cartoony enemies (e.g., frogs, birds, tiki-mask creatures). Enemies generally disappear or fly off-screen when defeated. At the end of boss battles, players can repeatedly smack characters closer-up, causing them to get knocked into the distance."
Emio—The Smiling Man: Famicom Detective Club,Nintendo Switch,M,"Blood,Language,Violence",No Interactive Elements,"This is a simulation/adventure game in which players follow a junior detective as he collaborates with police and locals to find a killer. As players examine scenes and gather evidence from witnesses, they can ask various questions to uncover key story elements/backstory. Some cutscenes depict instances of violence: a father slapping his children; characters strangled; a human corpse hanging from a tie; a man using scissors to slice his face. Some scenes depict corpses lying in pools or trails of blood. The game contains plot points dealing with child abuse, murder, teen suicide and self-harm. The word “sh*t” appears in the game."
B-PROJECT RYUSEI*FANTASIA,Nintendo Switch,T,"Language,Mild Suggestive Themes",No Interactive Elements,"This is a visual novel in which players follow the story of a young A&R staff member dealing with members of an idol pop group. As players progress through the story, players learn about artists'' trainee days and the struggles they faced on the path to success. A handful of sequences can reference suggestive material (e.g., “It doesn''t feel like sparkling glass, or ''Oh no, you perv''""; “You''re sparkly, pervy, and stabby”; “Pinning the girl against the wall, lifting her chin, running your fingers through her hair…""; “You seduce the regular at the tea room...and end up fooling around with her.”). The words “sh*t” and “a*shole” appear in the game."
Arsène Lupin - Once A Thief,"PlayStation 5, Nintendo Switch",E10+,"Alcohol Reference,Mild Blood,Mild Language,Mild Violence,Use of Tobacco",No Interactive Elements,"This is an adventure game in which players follow the thief Arsene Lupin and detective Ganimard through puzzles and storylines. From a 3/4-overhead perspective, players interact with characters, deduce clues, and solve puzzles to progress the narrative. In one sequence, audio can be heard of characters fighting; one still image briefly depicts a man with a bloody bandage. One close-up image depicts a man smoking a pipe. The text in the game references alcohol (e.g., “liquor collection,” ""wine bottle”; “I''d hate to see a bottle of such fine wine go to waste.”). The word “hell” appears in the game."
Test Drive Unlimited Solar Crown,"Windows PC, PlayStation 5, Xbox Series",E10+,Lyrics,"Users Interact (PC,Xbox Series,PlayStation 5)","This is a racing game, set on the island of Hong Kong, in which players race through streets and other open-world environments. Players can explore the island while engaging in races to build reputation and earn money. Some song lyrics contain the words ""Goddamn,"" ""hell,"" and “a*s.”"
Just Dance 2025 Edition,"PlayStation 5, Nintendo Switch, Xbox Series",E10+,Mild Lyrics,"Users Interact (Switch,Xbox Series,PlayStation 5)In-Game Purchases (Switch,Xbox Series,PlayStation 5)","This is a music-rhythm game in which players perform choreographed routines by following the movements of on-screen characters. Players score points by accurately dancing in time to the music and scrolling indicators. A handful of song lyrics contain the word “hell,” as well as references to suggestive material (e.g., “Yeah we hooked up""; “Lucky that my breasts are small""; ""I don''t like no whips and chains/And you can''t tie me down""; “The dirty talking it turns to play”)."
Harry Potter: Quidditch Champions,"Windows PC, PlayStation 4, PlayStation 5, Nintendo Switch, Xbox One, Xbox Series",T,"Crude Humor,Fantasy Violence,Language,Mild Blood","Users Interact (PC,PlayStation 4,Xbox One,Switch,Xbox Series,PlayStation 5)In-Game Purchases (PC,PlayStation 4,Xbox One,Switch,Xbox Series,PlayStation 5)","This is an action game in which players compete in games of the fantasy game Quidditch. Broom-riding players can shift between players and positions during each game; one club-wielding defensive position (Beater) involves tackling opponents or hitting them with a ball (Bludger). Players'' health bars deplete after each tackle/hit; successful hits or tackles result in dizzy stars/brief stunning effects. One of the victory celebrations (Bludger Hit) depicts a character hit in the face, with a tooth and blood trail flying out from the mouth. Another victory celebration (Puking Pastilles) shows a character vomiting. The word “sh*t” appears in the game."
Funko Fusion,"PlayStation 4, PlayStation 5, Nintendo Switch, Xbox Series",T,"Blood,Fantasy Violence,Language",No Interactive Elements,"This is a third-person action game in which players help whimsical Funko figures liberate Funko World from an evil villain. Players explore game worlds from various franchises (e.g., Jurassic World, The Mummy, Jaws) while battling cartoony Funko creatures (e.g., dinosaurs, zombies, mummies). Players use machine guns, shotguns, and rifles to defeat enemies that break apart into pieces when defeated. Battles are fast-paced, accompanied by gunfire, explosions, and cries of pain. Some sequences depict more impactful instances of blood and violence: a crime scene with decapitated Funko characters in pools of blood; a shark repeatedly chomping down on a victim, resulting in large blood stains; a character decapitated, accompanied by large blood-splatter effects. One sequence depicts a Funko character with raised middle fingers."
Until Dawn,"Windows PC, PlayStation 5",M,"Blood and Gore,Intense Violence,Sexual Themes,Strong Language",No Interactive Elements,"This is a survival-horror adventure game in which players help eight friends survive a serial killer at a mountain retreat. As players progress through the game, they explore environments while choosing action/decision paths via on-screen prompts. Some choices can lead to depictions of intense violence and/or gore: characters shot in the head; characters cut in half by saw blades; characters disemboweled or decapitated; characters getting their fingers sliced. Large blood-splatter effects occur as characters are killed or injured; blood stains also appear in the environment and around corpses. The game includes sexual material in the dialogue (e.g., “Let''s party like we''re f**king porn stars”; ""I mean if you''re not gonna b*ng her""; “We are going to have sex!”); players can flip through a Kama Sutra book, depicting illustrations of sexual positions with descriptions; one scene depicts a woman performing a striptease for a man, removing her clothes down to her undergarments. The word “f**k” appears in the game."
Faith: The Unholy Trinity,Nintendo Switch,T,"Blood and Gore,Drug Reference,Language,Suggestive Themes,Violence",No Interactive Elements,"This is a survival horror game in which players follow a priest trying to save a Connecticut community from demon possession during the 1980s. From a top-down perspective, players move small 8-bit characters around locations while searching for clues, solving puzzles, and exorcising demons. Cutscenes depict more close-up sequences of violence: a man stabbing himself in the eye; a creature chewing on a corpse''s flesh; police shooting a man repeatedly; a man using a syringe to stab a character. Several pixelated scenes depict bloodstained walls, floors, and/or corpses. The game contains some suggestive material: a reference to “child prostitute runaways”; a bloated naked figure, though with no discernible detail (i.e., no genitalia). Text also references drugs (e.g., “hooked on crack cocaine""). The English word ""whore"" and the Spanish word “p*ndejo” appear in the game."
Mario & Luigi Brothership,Nintendo Switch,E,Mild Fantasy Violence,No Interactive Elements,"This is an adventure platformer/role-playing game in which players control Mario and Luigi through an adventure on strange islands. From a 3D top-down perspective, players explore islands, solve puzzles, and fight cartoony enemies (e.g., onion creatures, turtle skeletons, giant plants). Combat is turn-based, with players selecting moves before watching characters take turns attacking/defending. Characters mostly use mallets, oversized bombs, and turtle shells to attack, while also jumping on enemies'' heads."
Nocturnal,"PlayStation 5, Nintendo Switch",T,"Blood,Violence",No Interactive Elements,No Rating Summary
Ufouria 2: The Saga,"PlayStation 5, Nintendo Switch",E,"Crude Humor,Mild Fantasy Violence",No Interactive Elements,"This is an adventure platformer in which players assume the role of a penguin attempting to thwart a villain''s evil plans. As players traverse whimsical environments, they defeat enemies by jumping on their heads or throwing creatures called Popoons at them. Boss battles include more protracted combat against larger enemies and are sometimes accompanied by slow-motion effects. One bird enemy is seen flying overhead, dropping cartoony poo coils."
The Sims™ 4 Lovestruck,"Macintosh, Windows PC, PlayStation 4, Xbox One",T,"Crude Humor,Sexual Themes,Violence","Online Interactions Not Rated by the ESRB (MAC,PC,PlayStation 4,Xbox One)",No Rating Summary
The Sims™ 4 Lovestruck,Xbox Series,T,"Crude Humor,Sexual Themes,Violence",Users Interact (Xbox Series)In-Game Purchases (Xbox Series),No Rating Summary
Assault Suits Valken DECLASSIFIED,Nintendo Switch,E10+,"Fantasy Violence,Mild Language",No Interactive Elements,No Rating Summary
Dead Rising Deluxe Remaster,"Windows PC, PlayStation 5, Xbox Series",M,"Blood and Gore,Intense Violence,Language,Use of Alcohol","In-Game Purchases (PC,Xbox Series,PlayStation 5)","This is an action-horror game in which players assume the role of Frank West, a photojournalist trapped in a mall overrun by zombies. As players traverse through the mall, they can help other survivors to safety and use variety of weapons (e.g., firearms, swords, hammers) and tools (e.g., chainsaws, giant drills, lawnmowers) to kill hordes of zombies. Red blood-splatter effects occur frequently as zombies are dismembered and decapitated. Players can also encounter and battle deranged human enemies that are killing other survivors. Cutscenes depict intense instances of violence: a clown landing on a pair of chainsaws; a man shooting himself in the head; a man setting himself on fire; a man impaled through the eye with a sword. During the course of the game, players'' character can drink various alcoholic beverages (e.g., wine) to regain energy; players also encounter a drunken character along the way. The words “sh*t,” “p*ssy,” and “a*shole” are heard in the dialogue."
Hunt: Showdown 1896,"Windows PC, PlayStation 5, Xbox Series",M,"Blood and Gore,Violence","Users Interact (PC,Xbox Series,PlayStation 5)In-Game Purchases (PC,Xbox Series,PlayStation 5)","This is a first-person monster hunting game set in a fantastical version of the Victorian era. Players use bladed bats, clubs, brass knuckles, and pistols to kill zombie-like creatures and human rivals. Combat is highlighted by impact sounds, gunfire, and blood-splatter effects. Some weapons allow players to cave in zombies'' heads or to cut off their limbs. One type of zombie explodes into blood and viscera when killed; another type is depicted wearing human skin as a cape."
Kunitsu-Gami: Path of the Goddess,Windows PC,T,"Mild Blood,Violence",In-Game Purchases (PC),"This is an action game in which players control a mystical warrior fighting alongside villagers to defend a shrine maiden in ancient Japan. From a pulled back third-person perspective, players use a katana blade to slash at demons and boss creatures; villagers use swords, arrows, and small cannons to attack enemies. Combat can be frenetic at times, with hordes of demons attacking at once. Fighting is highlighted by impact sounds, cries of pain, light effects, and occasional explosions. Some demons are depicted with sinewy or skeletal bodies/features and bloodstained limbs; one demon carries a bloodstained sword."
Rugrats: Adventures in Gameland,"PlayStation 4, PlayStation 5, Nintendo Switch, Xbox Series",E,Mild Fantasy Violence,No Interactive Elements,"This is a puzzle platformer in which players help kids from the Rugrats franchise make their own video game. From a 2D side-scrolling perspective, players traverse themed levels, collect coins, and battle enemy toys (e.g., insects, teddy bears, planes). Players can jump on enemies and/or throw objects at them; damage effects include blinking, getting knocked backwards, and falling off screen. Boss encounters involve more protracted combat."
Farming Simulator 25,"Macintosh, Windows PC, PlayStation 5, Xbox Series",E,No Descriptors,"Users Interact (MAC,PC,Xbox Series,PlayStation 5)In-Game Purchases (MAC,PC,Xbox Series,PlayStation 5)",This is a farming simulation game in which players run a modern-day farm. Players use agricultural machines to cultivate fields while harvesting and selling crops.
Super Mario Party Jamboree,Nintendo Switch,E,Mild Fantasy Violence,Users Interact (Switch)In-Game Purchases (Switch),"This is a collection of mini-games (party games) in which players compete to earn stars, coins, and rankings. As players engage in different modes (e.g., board game, rhythm games, puzzle-based games, flying games, mini-games), they encounter or participate in whimsical instances of fantasy violence: cartoony cannons/cannon turrets that shoot at giant characters; avoiding a robot with giant boxing gloves/fists; using over-sized hammers against each other; connecting electric circuits to zap a boss character. Damage is indicated by blinking, comical yelps, and/or dizzy star effects."
Turbo Overkill,"Windows PC, PlayStation 4, PlayStation 5, Nintendo Switch",M,"Blood and Gore,Intense Violence,Strong Language",No Interactive Elements,"This is a first-person shooter in which players assume the role of a futuristic bounty hunter (Johnny Nitro) trying to prevent a powerful AI from taking over a city. Players infiltrate building/facilities and use a chainsaw-like weapon, pistols, and electric shotguns to kill enemies (e.g., cyborgs, street punks). The frenetic run-and-gun combat is accompanied by realistic gunfire, large explosions, and frequent blood-splatter effects. Some attacks result in dismemberment/decapitation, causing bloody chunks to stain/litter the environment. Cutscenes depict additional acts of violence and blood/gore: a cyborg thug''s entrails used as a tool; a first-person view of a character''s hands blown off. The word “f**k” is heard in the game."
HUMANITY,"PlayStation 5, Xbox One, Xbox Series",E10+,Fantasy Violence,"Users Interact (Xbox One,Xbox Series,PlayStation 5)",No Rating Summary
Demon Slayer -Kimetsu no Yaiba- Sweep the Board!,"Windows PC, PlayStation 4, PlayStation 5, Xbox One, Xbox Series",T,"Fantasy Violence,Language,Mild Blood,Mild Suggestive Themes",No Interactive Elements,"This is an adventure/party game in which players move characters around a game board while attempting to collect the most points. Some spots on the game board trigger brief battle sequences: players must match on-screen indicators, with correct timing, to perform slash attacks. Damage is indicated by slashing sounds, light effects, and cries of pain. One boss character attacks with Flying Blood Scythes, sending red, liquid-like slashes towards players. Some female characters are designed with revealing outfits (e.g., deep cleavage, bikinis in the battlefield). The word “sh*t” appears in the game."
Dragon Quest III HD-2D Remake,"Windows PC, PlayStation 5, Nintendo Switch, Xbox Series",E10+,"Alcohol Reference,Fantasy Violence,Mild Blood,Mild Language,Suggestive Themes",No Interactive Elements,"This is a 2D role-playing game in which players lead adventurers on a quest to stop an evil villain. From a 3/4-overhead perspective, players explore a pixelated fantasy world, complete quests, interact with characters, and engage in turn-based combat against small humans and creatures (e.g., dragons, slimes, skeletons). Players can choose weapon strikes and magic attacks (e.g., flame breathe, lightning slash) from a menu to defeat enemies; battles are highlighted by impact sounds, cries of pain, and screen-shaking effects. Some sequences depict brief instances of violence and/or blood: villagers set on fire; a man burned by a dragon, resulting in small bloody wounds. The game contains some suggestive material: female characters wearing bunny outfits; innuendo in the dialogue (e.g., “I wish to give you the priceless gift of puff-puff""; “Come now will you follow me to my private chambers”; “Do not tease me so, my sweet!""). Dialogue also contains some references to alcohol (e.g., “Bring out the grog.”). The word “hell” and ""bastard sword"" appear in the game."
Life is Strange: Double Exposure,"Windows PC, PlayStation 5, Nintendo Switch, Xbox Series",M,"Mild Blood,Strong Language,Suggestive Themes,Use of Drugs,Violence",No Interactive Elements,"This is an adventure game in which players assume the role of a time-jumping photographer (Max Caufield) trying to prevent a murder. From a third-person perspective, players explore locations around a college campus while interacting with characters. As players progress through the storyline, they are presented with dialogue and action choices. Some choices cause characters to engage in acts of violence (e.g., a character shooting someone in the shoulder). Blood is depicted on one character''s clothes and on the ground after a shooting. The game contains some suggestive material: black-and-white photos of female characters (fully clothed) lying in vulnerable positions; two characters playing Smash or Pass; dialogue referencing sex (e.g., ""a high ratio of f**kable faculty""; “Did you get laid even once?”). During the course of the game, some characters are seen smoking marijuana. The words “f**k,” “sh*t,” and “a*shole” appear in the game."
Reel Fishing: Days of Summer,"Windows PC, PlayStation 5, Nintendo Switch",E,No Descriptors,No Interactive Elements,"This is a sports simulation game in which players follow three friends spending the last days of summer on a fishing trip. Players can craft their own rods, lures, and bait while capturing realistic fish."
Ara: History Untold,Windows PC,E10+,"Alcohol Reference,Mild Violence,Use of Tobacco",Users Interact (PC),"This is a strategy game in which players assume the role of an historical figure leading a nation through time. From an overhead perspective, players collect resources, manage economic and military growth, and battle rival nations. Players can select military units (e.g., footmen, spearmen, archers) that attack rival nations; players watch brief scenes of ground battles, which are highlighted by gunfire and explosions. One structure that players can build is a fermenting tent where beer, wine, and liquor can be produced. Character portraits sometimes depict historical figures with pipes and/or cigarettes in their mouths."
The Smurfs - Dreams,"PlayStation 5, Nintendo Switch",E,Mild Fantasy Violence,No Interactive Elements,"This is a 3D platformer game in which players enter dream worlds to free Smurfs struck by a sleeping curse. From an overhead perspective, players explore Smurfs'' dreams, traverse platforms, and occasionally defeat enemy creatures. Players can jump on enemies'' heads, throw fruit at them, and use an oversized hammer to attack enemies. Boss battles involve more protracted combat, as players toss objects to deplete boss characters'' health bars."
Touhou Luna Nights,"PlayStation 5, Nintendo Switch, Xbox Series",E10+,"Fantasy Violence,Mild Blood,Mild Language",No Interactive Elements,No Rating Summary
Glover (QUByte Classics),"PlayStation 5, Nintendo Switch",E,Mild Fantasy Violence,No Interactive Elements,"This is an adventure game in which players control a wizard''s magical glove as it searches for crystals to restore peace to a kingdom. Players traverse platform environments while collecting items, solving puzzles, and dispatching enemies. The players'' glove can pounce on enemies, throw objects at them, or trigger mechanisms for cartoony attacks (e.g., a giant boxing glove; oversized bombs). Characters typically react to damage by falling back or turning into a puff of stars."
Gigantosaurus: Dino Sports,"Windows PC, PlayStation 4, PlayStation 5, Nintendo Switch, Xbox One, Xbox Series",E,Mild Fantasy Violence,No Interactive Elements,"This is a party game in which players control dinosaurs competing in sports-themed mini-games. A handful of mini-games depict mild instances of violence: players hit by falling rocks while climbing; players shooting fruit into the mouths of plants, accompanied by a targeting reticule (i.e., crosshairs); players hit by fruit, briefly staining the screen."
The House Of The Dead 2: Remake,Nintendo Switch,M,"Blood and Gore,Violence",No Interactive Elements,"This is a rail shooter light gun game in which players assume the role of an agent in search of a missing colleague in Venice, Italy. From a first-person perspective, navigate through the city while using pistols to shoot and kill zombies and mutant creatures. Killing creatures often results in decapitation and/or dismemberment, with large blood-splatter effects. Combat is often fast paced, accompanied by gunfire, screams of pain, and large explosions. A handful of sequences depict civilians attacked and killed by enemy creatures."
Cat Quest II,Nintendo Switch,E10+,Fantasy Violence,No Interactive Elements,No Rating Summary
Cat Quest,Nintendo Switch,E10+,Fantasy Violence,No Interactive Elements,No Rating Summary
Death Trick: Double Blind,Nintendo Switch,M,"Mild Blood,Mild Violence,Strong Language",No Interactive Elements,"This is a visual novel/adventure game in which players assume the role of a detective investigating a murder in a circus. Players can study the crime scene, collect evidence, and interact with various characters and witnesses. A still-image of the crime scene depicts a corpse, with bloodstained clothing and a weapon protruding from their torso. Other still-images depict instances of violence and/or mild blood: a character beaten up, resulting in a bloody nose; a character stabbed with scissors; zoomed in depictions of the crime scene. The word “f**k” appears in the game."
Koumajou Remilia Ⅱ: Stranger''s Requiem,Nintendo Switch,T,"Blood,Fantasy Violence,Mild Suggestive Themes,Use of Alcohol",No Interactive Elements,No Rating Summary
Fitness Boxing feat. HATSUNE MIKU,Nintendo Switch,E,No Descriptors,No Interactive Elements,"This is a fitness/rhythm-based game in which players perform boxing routines by following timed prompts along with music. Players earn points by matching Hatsune Miku and her friends'' various on -screen movements (e.g., jabs, uppercuts, dodges)."
Hubris,PlayStation 5,T,"Animated Blood,Violence",No Interactive Elements,"This is a first-person shooter in which players assume the role of a new recruit searching an alien planet for a missing agent. Players explore environments while solving puzzles, collecting resources, and crafting objects (e.g., weapons, tools). Players use blasters, torpedo guns, and machine guns to kill alien creatures or human adversaries/soldiers. Gunfights can be fast paced, as multiple figures exchange gunfire, dissolving when killed. Squid-like enemies explode into purple liquid and severed tentacle limbs; players can then use squid parts to craft certain tools (e.g. inserting organic squid parts into a processor to make rope). Egg-like spider aliens also burst into yellow-splatter effects when killed."
Alan Wake 2 Deluxe Edition,"Windows PC, PlayStation 5, Xbox Series",M,"Blood and Gore,Intense Violence,Nudity,Strong Language",No Interactive Elements,"This is a survival-horror game in which players assume the roles of an FBI agent working murder cases and a writer trapped in a nightmare reality. From a third-person perspective, players explore open-world environments, interact with characters, solve puzzles, and battle humans and supernatural creatures. Players use various light sources (e.g., flashlights, flares, flashbangs) to weaken enemies, and use pistols and shotguns to kill them. Combat is highlighted by realistic gunfire, explosions, and blood-splatter effects; shooting enemies sometimes results in exposed entrails and large wounds. Cutscenes also depict instances of violence/blood: a character stabbed multiple times; a bloody, nude character dragged and tied to a table; a character''s chest cut open and heart removed; live-action footage of characters shot in the head at close range. During the course of the game, one male character is depicted nude, with exposed genitalia and buttocks. The words “f**k” and “sh*t” appear in the game."
New World: Aeternum,Windows PC,T,"Alcohol Reference,Blood,Mild Language,Violence",Users Interact (PC)In-Game Purchases (PC),"This is a massively multiplayer online (MMO) role-playing game in which players assume the role of a 17th-century settler in a new land. From a third-person perspective, players explore an open-world environment, gather resources, build shelters, and create weapons to survive. Players use spears, bows, and swords to kill humans and fantasy creatures (e.g., ghosts, skeletons, zombies) in melee-style combat. Large blood-splatter effects occur as characters attack enemies; cries of pain and impact sounds accompany the frenetic combat. The game includes numerous references to alcohol (e.g., wine, mead, sake); a handful of missions prompt players to fetch alcohol products (e.g., ""Collect Bottles of Old World Wine""). The word “bastard” appears in the game."
Sker Ritual,"PlayStation 5, Xbox Series",M,"Blood and Gore,Violence","In-Game Purchases (Xbox Series,PlayStation 5)","This is a first-person shooter in which players assume the role of a man attempting to survive a zombie onslaught during the 1910s. Players explore an island environment, complete objectives, solve puzzles, and battle zombie-like creatures in frenetic combat. Players use machine guns, rifles, crossbows, and melee weapons to kill hordes of zombies. Battles are accompanied by realistic gunfire, large explosions, and large blood-splatter effects. Some attacks can result in the decapitation of enemies. One sequence depicts viscera and entrails in a room full of corpses; another sequence requires players to collect severed heads in order to unlock a door."
Monster Hunter Stories,"Windows PC, Nintendo Switch",E10+,"Crude Humor,Fantasy Violence,Mild Language","Users Interact (PC,Switch)","This is an adventure role-playing game in which players assume the role of a monster rider on a quest to save a village from an evil force. From a third-person perspective, players explore a fantasy world, complete quests, interact with characters, and battle humans and fantastical creatures (e.g., dragons, dinosaurs, giant insects). Players can select various weapon attacks (e.g., sword slashes, club attacks) and monster attacks (e.g., speed attacks, flame breath) from a menu to defeat enemies in turn-based combat. Battles are accompanied by explosions, colorful light effects, and impact sounds. During the course of the game, players can encounter a creature that uses a Foul Gas move to emit a brown flatulence attack; one scene depicts a character eating dumplings, alluded to be made of feces (“Are those…balls of Steamed Moss?”; “[Y]ou mean Hot Spring Dumplings are actually…”; “Ewwwww!”). The phrase “helluva” appears in the game."
Construction Simulator 4,Nintendo Switch,E,No Descriptors,Users Interact (Switch),This is a simulation game in which players complete construction missions while using real-world machines and equipment. Players can run their own construction company and expand their fleet by completing jobs and upgrading contracts.
Fashion Police Squad,"PlayStation 4, PlayStation 5",T,"Fantasy Violence,Sexual Themes",No Interactive Elements,No Rating Summary
TY the Tasmanian Tiger™ 4: Bush Rescue Returns™,Nintendo Switch,E10+,Fantasy Violence,No Interactive Elements,"This is an action platformer in which players assume the role of an animal protagonist (Ty) performing various tasks for Australian Outback locals. From a 2D side-scrolling perspective, players traverse environments, collect items/hidden treasure, avoid hazards/obstacles, and use boomerangs to defeat enemies (e.g., lizards, birds, giant insects). Enemies use cartoony weapons (e.g., mines, flamethrowers, missiles, over-sized guns) to attack Ty. Combat is highlighted by flame-like effects/explosions, impact sounds, and cries of pain. Some game modes prompt players to defeat hordes of enemies in fast-paced combat."
SunnySide,PlayStation 5,T,"Fantasy Violence,Language,Mild Suggestive Themes,Use of Alcohol and Tobacco",No Interactive Elements,"This is a role-playing simulation game in which players build a new life in the Japanese countryside. Players can build a homestead, cultivate resources/products, and establish relationships with various locals. Some expeditions trigger turn-based fights with impish creatures; players take turns using small projectiles or elemental attacks (e.g., bursts of flame, flares, ice attacks) to deplete opponents'' health bars. The game allows players to form romantic relationships with other characters (e.g., dates, outings); the dialogue can be somewhat suggestive (e.g., “I want dramatic, sexy adventures...I want unreasonable displays of affection”; “...[S]ince we''re both super hot…maybe we can go back to your place after this.” During the course of the game, players'' character can combine ingredients to brew beer and can sell it to local establishments; players'' character can also purchase and consume beer, wine, and cocktails. One character is often depicted with a cigarette in his mouth. The words “sh*t” and “a*shole” appear in the game."
The Smurfs - Village Party,"PlayStation 5, Nintendo Switch",E,Mild Fantasy Violence,No Interactive Elements,"This is an adventure party game in which players assume the role of a Smurf helping Papa Smurf throw a party. Players engage in various mini-games (e.g., collecting presents, stacking dishes), a handful of which may depict mild violence: characters shoving or using sticks to hit opponents--damage is indicated by stun effects and “dizzy stars.” Other mini-games require players to defeat a boss character by using crossbows and/or slingshots with targeting crosshairs."
RKGK / Rakugaki,Windows PC,T,"Fantasy Violence,Mild Language",No Interactive Elements,"This is an adventure platformer in which players assume the role of a graffiti artist trying to save a city from an evil corporation''s control. From a third-person perspective, players run and jump around the city while using paint/art to light up environments and save citizens. Players can dispatch robot enemies or turrets by using dash attacks. During boss battles, players must evade projectiles, explosions, and lasers; bosses are defeated via players'' spray-painting attacks. The words “pr*ck” and “a*s” appear in the game."
Hidden Objects 6: Shopping Clutter,"PlayStation 5, Nintendo Switch",E,"Alcohol Reference,Mild Blood",No Interactive Elements,"This is a collection of hidden-object puzzle games set in the fictional town of Animalville. Players complete slide puzzles and matching challenges while helping an animal family through story chapters. Some scenes contain Halloween or Dracula-themed imagery, including bloodstained goblets and/or knives. A handful of scenes depict frothy mugs of beer, among dozens of other objects and items."
Fatal Run,ATARI 7800,E,Mild Fantasy Violence,No Interactive Elements,"This is an arcade-style racing game in which players race along a variety of tracks. During races, players can use various pixelated weapons (e.g., machine guns, missiles) against other racers. Cars briefly explode when struck."
Senua’s Saga: Hellblade II,"Windows PC, Xbox Series",M,"Blood and Gore,Intense Violence,Strong Language",No Interactive Elements,"This is an adventure game in which players assume the role of Senua, a Pict warrior trying to save her people from Viking oppressors. From a third-person perspective, players explore Icelandic villages/vistas while battling various enemies (e.g., Vikings, ghouls, cultists). Players use swords to slash at enemies in frenetic melee combat, which is highlighted by blood-splatter effects, cries of pain, and impalement finishing moves. Impaling deaths are often depicted; one distant scene depicts a villain cutting off a man''s arm. Cutscenes depict occasional decapitation and/or dismemberment, and some environments contain bloodied, decaying corpses and severed limbs. The word “f**k” appears in the game."
Undisputed,"PlayStation 5, Xbox Series",T,"Blood,Lyrics,Violence","In-Game Purchases (Xbox Series,PlayStation 5)","This is a boxing simulation game in which players can create a character to participate in realistic bouts as they progress through a career track. Fighters punch each other repeatedly, attempting to knock each other out; knockout punches are replayed from several angles in slow-motion. Repeated punches sometimes result in cuts on boxers'' faces, with blood dripping effects; blood also sprays briefly when boxers are hit particularly hard/knocked out. Accompanying song lyrics occasionally contain the word “sh*t.”"
SAMURAI WARRIORS 4 DX,Windows PC,T,"Mild Suggestive Themes,Use of Alcohol and Tobacco,Violence",Users Interact (PC),"This is an action game in which players assume the roles of various Japanese historical figures in dramatic retellings of Japanese history. From a third-person perspective, players use swords, spears, hammers, rifles, and magic to kill hordes of enemy soldiers and generals in melee-style combat. Battles are frenetic, highlighted by impact sounds, cries of pain, occasional slow-motion effects, and colorful light effects. Cutscenes also contain direct and indirect depictions of violence: characters sword fighting; bodies littering the ground after battle. Some female characters are designed with revealing outfits (e.g., deep cleavage, bikinis in the battlefield) and/or breast-jiggling effects. During the course of the game, wine and celebratory drinks are referenced in the dialogue (e.g., “Munenori happily drank the wine down”; “I can hold my drink, so you''ve got a long night ahead!”); a handful of sequences depict characters drinking alcohol. Another sequence depicts a man smoking a pipe."
Supernatural,Meta Quest,T,Lyrics,Users Interact (Meta Quest),"This is a VR health and fitness app in which players engage in full body workouts. Players can engage in four modes of activity (Box, Flow, Meditate, Stretch) while guided by personal coaches. In the Box and Flow activities, players must match the tempo and direction of icons as they appear in time with the music. Some song lyrics contain references to suggestive material (e.g., “I like mornin'' sex”; “Wet and gushy, make that p*llout game weak”; “Somebody come get her, she''s dancin'' like a stripper”; “E*t me and record it, but your edge-up all I''m showing”; “Man, I swear I love her how she work that damn pole”). A handful of songs allude to drugs (e.g., “I''m a pothead, true enough”; “And I get high with my baby”; “At 56 a gram, 5 a hundred grams”)."
Grounded: Fully Yoked Edition,"PlayStation 5, Nintendo Switch, Xbox One, Xbox Series",T,"Blood,Mild Language,Violence","Users Interact (Xbox One,Switch,Xbox Series,PlayStation 5)","This is a survival-adventure game in which players control ant-sized humans in backyard environments. From first- and third-person perspectives, players search for resources, craft weapons, build shelters, and battle realistic, over-sized insects. Combat can be frenetic at times, with players using swords, clubs, and spears to attack insects that slash, bite, and spit at players. Human characters emit small splashes of blood when injured; insects emit splatters of green or yellow blood when killed. Players can also encounter a room full of decapitated and impaled ant heads, with green blood splatter on the ground. The words “p*ss off” appear in the text."
Super Monkey Ball Banana Rumble,Nintendo Switch,E,Mild Fantasy Violence,In-Game Purchases (Switch),"This is an action platformer in which players control a monkey inside a ball on a quest to find a legendary banana. Players roll through stages, avoid traps, collect bananas, and occasionally engage in multiplayer matches (e.g., Battle mode). Throughout the game, players can use various power ups (e.g., rockets, ice blasts, baseball bats) against characters (e.g., robots); some characters yelp out when hit and fly through the air from explosions. In Battle mode, players can use a cartoony missile to knock other players away."
Tales of Kenzera™: ZAU,"Windows PC, PlayStation 5, Nintendo Switch, Xbox Series",E10+,Fantasy Violence,No Interactive Elements,"This is an adventure platformer in which players assume the role of a shaman dealing with the grief of his father''s death. From a side-scrolling perspective, players navigate mazes of levels, solve puzzles, and battle fantastical enemies (e.g., corrupted spirits, Adze) in melee-style combat. Players use spears and cosmic powers from the Sun and Moon to attack enemies. Battles are highlighted by colorful light effects, impact sounds, and dwindling health bars. Boss battles contain more protracted combat."
Kena: Bridge of Spirits - Deluxe Edition,"Xbox One, Xbox Series",T,Fantasy Violence,No Interactive Elements,"This is an action-adventure game in which players control a spirit guide (Kena) as she removes corruption and restores various environments. From a third-person perspective, players traverse platforms, solve puzzles, interact with spirits and creatures, and battle corrupted spirits and boss creatures. Players use a magic staff, arrows, and small creatures (called Rot) to strike enemies and drain their health meters in melee-style combat. Enemies (e.g., human-like spirits, tree-like ghouls, giant wood creatures) attack players by using bladed weapons and explosive bursts of fire/energy. Combat can be frenetic, with frequent impact sounds, screen-shaking effects, and cries of pain."
Xuan-Yuan Sword: Mists Beyond the Mountains,Nintendo Switch,T,"Blood,Fantasy Violence,Mild Language,Sexual Themes,Use of Alcohol",No Interactive Elements,No Rating Summary
ONE PIECE ODYSSEY Deluxe Edition,Nintendo Switch,T,"Mild Language,Suggestive Themes,Use of Tobacco,Violence",In-Game Purchases (Switch),"This is an action-adventure game in which players follow the story of shipwrecked characters from the One Piece comic and animated series. As players explore a mysterious island, they engage in turn-based battles with enemy pirates/thugs and occasional large creatures. Players choose attack moves/skills from a menu before watching short animations of characters punching/kicking, using swords or pistols, or throwing fireballs/bursts of energy. Characters cry out in pain when injured, and damage is indicated by dwindling health meters/hit points. Cutscenes contain more dramatic instances of violence: characters using fire attacks on each other, as one appears to get killed; a man shooting a pistol at a young character at close range. The game contains some suggestive material: female characters designed with revealing outfits (e.g., low-cut tops, deep cleavage); close-up camera views of characters'' chests; text/dialogue such as ""The golden ration of exposed buttock"" and “Their long exposure to humans has given them a perverted response to naked women.” One recurring character named Smoker is depicted with two cigars in his mouth. The word “bastard” appears in the game."
Star Wars Outlaws,"Windows PC, PlayStation 5, Xbox Series",T,"Mild Language,Simulated Gambling,Violence","Users Interact (PC,Xbox Series,PlayStation 5)In-Game Purchases (PC,Xbox Series,PlayStation 5)","This is third-person action-adventure game in which players assume the role of an outlaw navigating the underworld of the Star Wars universe. As players explore open-world environments, they can accept missions/jobs for various criminal factions. Most missions involve using stealth to sneak through heavily guarded compounds or shooting through waves of hostile enemies. Players use a variety of gadgets and blaster-type weapons during missions. Players can perform dramatic punching takedowns when using stealth or close-quarter combat. Fighting is highlighted by futuristic gunfire, explosions, and cries of pain. During the course of the game, players can wager in-game currency on Sabacc, a blackjack-like card game with detailed rules; one area allows players to wager on fantasy races in order to further a plot point. The word “bastard” appears in the game."
Fitness Boxing feat. HATSUNE MIKU,Nintendo Switch,E,No Descriptors,No Interactive Elements,"This is a fitness/rhythm-based game in which players perform boxing routines by following timed prompts along with music. Players earn points by matching Hatsune Miku and her friends'' various on -screen movements (e.g., jabs, uppercuts, dodges)."
Fallout 4,"Windows PC, PlayStation 4, PlayStation 5, Xbox One, Xbox Series",M,"Blood and Gore,Intense Violence,Strong Language,Use of Drugs","In-Game Purchases (PC,PlayStation 4,Xbox One,Xbox Series,PlayStation 5)","This is a role-playing game in which players assume the role of a fallout shelter resident attempting to survive in a post-apocalyptic world. From first- or third-person perspectives, players explore an open-world environment, collect and craft items/weapons, complete missions, and battle various enemies (e.g., mutated creatures, human survivors). Players use pistols, shotguns, rifles, machine guns, and explosives to kill enemies in ranged combat; players can also use bats, pipes, blades, and brass knuckles to defeat enemies in melee-style combat. Battles are frenetic, accompanied by realistic gunfire, explosions, cries of pain, and large blood-splatter effects. Some weapons/attacks result in slow-motion dismemberment and/or decapitation; other weapons result in enemies being blown apart into scattered limbs and chunks of flesh. During the course of the game, players can consume a variety of fictional drugs (e.g., Buffout, Jet, Psycho) through the use of a menu; repeated use of these drugs leads to an addiction status and various negative effects. The words “f**k,” “sh*t,” and “a*shole” are heard in the dialogue."
Autobahn Police Simulator 2,Nintendo Switch,T,"Drug Reference,Mild Violence,Use of Alcohol",No Interactive Elements,No Rating Summary
Disney Epic Mickey: Rebrushed,"Windows PC, PlayStation 4, PlayStation 5, Nintendo Switch, Xbox One, Xbox Series",E10+,Fantasy Violence,No Interactive Elements,"This is an adventure game in which players assume the role of Mickey Mouse as he attempts to stop villains from destroying a magical world. From a third-person perspective, players explore twisted versions of Disney attractions (e.g., Neverland, Haunted Mansion) that have been overrun by enemies (e.g., ink blobs, animatronic characters). Players use a magic paintbrush to battle enemies, spraying projectile paint/thinner to make them friendly or melt away. Players can also hop on enemies'' heads and/or perform spin attacks, stunning and knocking creatures back. Combat is often frenetic, accompanied by cries of pain and impact sound effects. Some cutscenes contain tonally dark moments: a character abducted into a mirror; a character restrained, while threatened with a drill and chainsaw."
Crossfire Sierra Squad,PlayStation 5,M,"Blood,Strong Language,Violence",No Interactive Elements,"This is a first-person shooter in which players assume the role of the leader of an elite fireteam in the middle of a war. Players engage in combat missions, using shotguns, sniper rifles, machine guns, and grenades to kill enemy soldiers and drones. Combat is frenetic, highlighted by realistic gunfire, cries of pain, and blood-splatter effects. One sequence depicts a dying soldier with blood staining the walls and ground around him. The word “f**k” appears in the game."
Gravity Circuit,"PlayStation 5, Nintendo Switch",E10+,Fantasy Violence,No Interactive Elements,No Rating Summary
Tengoku Struggle -Strayside-,Nintendo Switch,T,"Alcohol and Tobacco Reference,Blood,Fantasy Violence,Language,Sexual Themes",No Interactive Elements,"This is a visual novel in which players assume the role of a Hell Guardian trying to capture Hell''s escaped prisoners. A handful of still-screen images can depict violence and blood: a character slashing men off-screen, with screaming sounds; a character burning to death; a character with blood-splattered clothing/face; blood splashes on the screen. The game contains sexual references in the dialogue (e.g., “That night, I was defiled by many other monks, right in front of him”; “…[T]o give a woman honor means to drag them into their bed”; “We went and had so much sex right away”; “Take off your panties, then put your hands against the wall.”). Dialogue also references alcohol (e.g., being drunk/wasted; wine, sake, booze), as well as tobacco (e.g., ""He took out a cigarette and savored a puff.""). The words “sh*t” and “a*shole” appear in the game."
Teenage Mutant Ninja Turtles Arcade: Wrath of the Mutants,"Windows PC, PlayStation 4, PlayStation 5, Nintendo Switch, Xbox One, Xbox Series",E10+,Fantasy Violence,No Interactive Elements,"This is an action game in which players control Teenage Mutant Ninja Turtles through levels of enemies. As players attempt to foil Shredder''s evil plans, they use various weapons (katanas, staffs, nunchuks) to defeat cartoony enemies (e.g., soldiers, droids, mutant creatures) in beat-em-up-style fighting. Characters can also use special attacks (e.g., tornadoes, fiery blasts, electric surges) to inflict wider damage. Some enemies can shoot stylized lasers, flames, or energy bursts at players'' character."
Toaplan Arcade Garage: Kyukyoku Tiger-Heli,"PlayStation 4, Nintendo Switch",E10+,Fantasy Violence,No Interactive Elements,"This is a collection of ten arcade-style action games in which players control helicopters and robots through levels of enemies. Most games allow players to control helicopters that shoot projectiles at enemies (e.g., planes, tanks, drones); games are presented from a top-down, scrolling perspective, highlighted by explosions and gunfire. One side-scrolling game allows players to control a robot soldier that punches and uses laser fire to attack enemies; the beat-''em-gameplay depicts depleting health bars, various attacks (e.g., Speed Punch, Fire Punch, Super Punch), and protracted boss battles."
Ugly,Nintendo Switch,T,"Blood,Fantasy Violence,Mild Language,Sexual Themes,Use of Alcohol",No Interactive Elements,"This is a puzzle platformer in which players assume the role of a prince battling his inner demons while reflecting on a life of abuse and cruelty. From a 2D side-scrolling perspective, players explore a fantastical mansion while searching for keys, solving puzzles, and unlocking memories. Boss characters sometimes attempt to crush players and/or menace them with fire. Some areas depict small corpses, bloodstained walls, and torture devices. One sequence briefly depicts a character with shards of glass embedded in its face, with blood dripping from wounds. One level depicts a dungeon with sexual and BDSM paraphernalia: a sex swing hanging from the ceiling; sex toys on bookshelves; bondage tools in the corner. A central gameplay mechanic involves players'' character resetting the puzzle by drinking a bottle of alcohol, as a hazy, blurry effect appears each time. The word “bastard” appears in the game."
Double Dragon Collection,Nintendo Switch,E10+,"Language,Mild Blood,Mild Violence",No Interactive Elements,"This is a collection of arcade-style action-fighting games in which players assume the roles of brothers on a rescue mission. From a side-scrolling perspective, players traverse 2D environments to battle human enemies in “beat-''em-up”-style combat. Players defeat enemies by using melee attacks and small weapons (e.g., knives, whips, bats). In one game, pixelated blood-splatter effects occur when enemies are struck by knives; still-images can depict boss characters with small steaks of blood. The word “bastard” appears in the game."
Outward Definitive Edition,Nintendo Switch,M,"Blood and Gore,Partial Nudity,Violence",Users Interact (Switch),"This is a role-playing game in which players assume the role of a fighter involved in a war between three factions. From a third-person perspective, players explore caves and towns, perform quests, and battle various enemies (e.g., wolves, ghouls, skeletons, humans). Characters use swords, clubs, and magic attacks (e.g., blasts of fire and ice) to kill enemies in melee combat. Successful hits are accompanied by splashes of blood, and several environments depict corpses and/or large bloodstains. Some areas contain dismembered or mutilated corpses; several of these corpses are depicted with exposed breasts and/or buttocks."
Cupid Parasite: Sweet and Spicy Darling,Nintendo Switch,T,"Fantasy Violence,Language,Mild Blood,Sexual Themes,Use of Alcohol and Tobacco",No Interactive Elements,"This is a visual novel in which players follow the story of Lynette Mirror and her experiences with romantic relationships. Players can follow several storylines while making choices that affect the course of their relationships. Some choices lead to depictions of violence: a female demon impaled by magical arrows; a character spitting out blood after being impaled (off screen). Other choices lead to sequences containing sexual material, largely conveyed through text/dialogue (e.g., “He slipped a finger into my mouth…He traced his tongue along the nape of my neck”: ""I felt the zipper of my skirt being undone""; “His rough tongue glided over my body as he nibbled on me.”). One sequence references a character''s husband''s lack of virility (e.g., “It was so…soft and deflated”; “Clearly [he] had been searching for a solution…a solution on how to get it up again.”). The game depicts prolonged sequences of social drinking, resulting in characters getting drunk, with slurred speech (e.g., “Before I knew it, everyone was wasted”; “Everyone else continued to chug alcohol.""). Another sequence references a drunk character being taking advantage of (e.g., “In my inebriated state, I couldn''t stand up properly...He seized this vulnerable moment when my yearnings for companionship overpowered me.”). In one sequence, a demon can be seen holding a smoking pipe. The word “bullsh*t” appears in the game."
The Plucky Squire,"PlayStation 5, Nintendo Switch, Xbox Series",E10+,Fantasy Violence,No Interactive Elements,"This is an action-adventure game in which players follow the story of a squire who explores 2D and 3D realms while trying to save his friends. Players traverse platform environments, solve puzzles, and fight whimsical enemies (e.g., goblins, birds, badgers). Players use a small sword to strike cartoony enemies that disappear into puffs of smoke when defeated. One mini-game depicts an exaggerated boxing match, with characters punching and dodging to defeat each other; action is highlighted by impact sounds, brief cries of pain, and screen-shaking effects."
Chicory: A Colorful Tale,"PlayStation 4, PlayStation 5, Nintendo Switch",E10+,"Comic Mischief,Mild Fantasy Violence,Mild Suggestive Themes",No Interactive Elements,No Rating Summary
Truck & Logistics Simulator,"PlayStation 5, Nintendo Switch",E,No Descriptors,"Users Interact (Switch,PlayStation 5)",No Rating Summary
The Stanley Parable: Ultra Deluxe,"Linux, Macintosh, Windows PC, PlayStation 4, PlayStation 5, Nintendo Switch",T,"Drug Reference,Mild Blood,Mild Language,Mild Suggestive Themes,Mild Violence",No Interactive Elements,No Rating Summary
Lost Ruins,"PlayStation 4, PlayStation 5, Nintendo Switch",T,"Blood and Gore,Suggestive Themes,Violence",No Interactive Elements,No Rating Summary
Lawn Mowing Simulator - Landmark Edition,Nintendo Switch,E,No Descriptors,No Interactive Elements,This is a simulation game in which players can cut grass and weeds using ride-on lawn mowers and handheld trimmers. Players can start a lawn care business and perform jobs on residential gardens and other landscapes/sites.
